<?xml version="1.0" encoding="UTF-8"?>
<project-private xmlns="http://www.netbeans.org/ns/project-private/1">
    <editor-bookmarks xmlns="http://www.netbeans.org/ns/editor-bookmarks/2" lastBookmarkId="0"/>
    <open-files xmlns="http://www.netbeans.org/ns/projectui-open-files/2">
        <group>
            <file>file:/C:/Users/rory0/Documents/GitHub/bookshare/jsfDemo/src/conf/mydb.properties</file>
            <file>file:/C:/Users/rory0/Documents/GitHub/bookshare/jsfDemo/web/css/stylesheet.css</file>
            <file>file:/C:/Users/rory0/Documents/GitHub/bookshare/jsfDemo/web/book.xhtml</file>
            <file>file:/C:/Users/rory0/Documents/GitHub/bookshare/jsfDemo/web/addbook.xhtml</file>
            <file>file:/C:/Users/rory0/Documents/GitHub/bookshare/jsfDemo/web/readinglist.xhtml</file>
            <file>file:/C:/Users/rory0/Documents/GitHub/bookshare/jsfDemo/web/WEB-INF/web.xml</file>
            <file>file:/C:/Users/rory0/Documents/GitHub/bookshare/jsfDemo/web/booksearch.xhtml</file>
            <file>file:/C:/Users/rory0/Documents/GitHub/bookshare/jsfDemo/web/greeting.xhtml</file>
            <file>file:/C:/Users/rory0/Documents/GitHub/bookshare/jsfDemo/web/response.xhtml</file>
            <file>file:/C:/Users/rory0/Documents/GitHub/bookshare/jsfDemo/src/java/bookTracker/BookDatabase.java</file>
            <file>file:/C:/Users/rory0/Documents/GitHub/bookshare/jsfDemo/web/resources/css/stylesheet.css</file>
            <file>file:/C:/Users/rory0/Documents/GitHub/bookshare/jsfDemo/src/java/bookTracker/Book.java</file>
            <file>file:/C:/Users/rory0/Documents/GitHub/bookshare/jsfDemo/web/template.xhtml</file>
            <file>file:/C:/Users/rory0/Documents/GitHub/bookshare/jsfDemo/src/java/bookTracker/AppController.java</file>
        </group>
    </open-files>
</project-private>
